file,license,version,creator,source_url
mocis_mmc3_001.jpeg,Research Use,N/A,Laureate Institute for Brain Research (LIBR),https://doi.org/10.1016/j.drugalcdep.2020.108073
mocis_mmc3_002.jpeg,Research Use,N/A,Laureate Institute for Brain Research (LIBR),https://doi.org/10.1016/j.drugalcdep.2020.108073
mocis_mmc3_003.jpeg,Research Use,N/A,Laureate Institute for Brain Research (LIBR),https://doi.org/10.1016/j.drugalcdep.2020.108073
mocis_mmc3_004.jpeg,Research Use,N/A,Laureate Institute for Brain Research (LIBR),https://doi.org/10.1016/j.drugalcdep.2020.108073
mocis_mmc3_005.jpeg,Research Use,N/A,Laureate Institute for Brain Research (LIBR),https://doi.org/10.1016/j.drugalcdep.2020.108073
mocis_mmc3_006.jpeg,Research Use,N/A,Laureate Institute for Brain Research (LIBR),https://doi.org/10.1016/j.drugalcdep.2020.108073
mocis_mmc3_007.jpeg,Research Use,N/A,Laureate Institute for Brain Research (LIBR),https://doi.org/10.1016/j.drugalcdep.2020.108073
mocis_mmc3_008.jpeg,Research Use,N/A,Laureate Institute for Brain Research (LIBR),https://doi.org/10.1016/j.drugalcdep.2020.108073
mocis_mmc3_009.jpeg,Research Use,N/A,Laureate Institute for Brain Research (LIBR),https://doi.org/10.1016/j.drugalcdep.2020.108073
mocis_mmc3_010.jpeg,Research Use,N/A,Laureate Institute for Brain Research (LIBR),https://doi.org/10.1016/j.drugalcdep.2020.108073
mocis_mmc3_011.jpeg,Research Use,N/A,Laureate Institute for Brain Research (LIBR),https://doi.org/10.1016/j.drugalcdep.2020.108073
mocis_mmc3_012.jpeg,Research Use,N/A,Laureate Institute for Brain Research (LIBR),https://doi.org/10.1016/j.drugalcdep.2020.108073
mocis_mmc3_013.jpeg,Research Use,N/A,Laureate Institute for Brain Research (LIBR),https://doi.org/10.1016/j.drugalcdep.2020.108073
mocis_mmc3_014.jpeg,Research Use,N/A,Laureate Institute for Brain Research (LIBR),https://doi.org/10.1016/j.drugalcdep.2020.108073
mocis_mmc3_015.jpeg,Research Use,N/A,Laureate Institute for Brain Research (LIBR),https://doi.org/10.1016/j.drugalcdep.2020.108073
mocis_mmc3_016.jpeg,Research Use,N/A,Laureate Institute for Brain Research (LIBR),https://doi.org/10.1016/j.drugalcdep.2020.108073
mocis_mmc3_017.jpeg,Research Use,N/A,Laureate Institute for Brain Research (LIBR),https://doi.org/10.1016/j.drugalcdep.2020.108073
mocis_mmc3_018.jpeg,Research Use,N/A,Laureate Institute for Brain Research (LIBR),https://doi.org/10.1016/j.drugalcdep.2020.108073
mocis_mmc3_019.jpeg,Research Use,N/A,Laureate Institute for Brain Research (LIBR),https://doi.org/10.1016/j.drugalcdep.2020.108073
mocis_mmc3_020.jpeg,Research Use,N/A,Laureate Institute for Brain Research (LIBR),https://doi.org/10.1016/j.drugalcdep.2020.108073
mocis_mmc3_021.jpeg,Research Use,N/A,Laureate Institute for Brain Research (LIBR),https://doi.org/10.1016/j.drugalcdep.2020.108073
mocis_mmc3_022.jpeg,Research Use,N/A,Laureate Institute for Brain Research (LIBR),https://doi.org/10.1016/j.drugalcdep.2020.108073
mocis_mmc3_023.jpeg,Research Use,N/A,Laureate Institute for Brain Research (LIBR),https://doi.org/10.1016/j.drugalcdep.2020.108073
mocis_mmc3_024.jpeg,Research Use,N/A,Laureate Institute for Brain Research (LIBR),https://doi.org/10.1016/j.drugalcdep.2020.108073
mocis_mmc3_025.jpeg,Research Use,N/A,Laureate Institute for Brain Research (LIBR),https://doi.org/10.1016/j.drugalcdep.2020.108073
mocis_mmc3_026.jpeg,Research Use,N/A,Laureate Institute for Brain Research (LIBR),https://doi.org/10.1016/j.drugalcdep.2020.108073
mocis_mmc3_027.jpeg,Research Use,N/A,Laureate Institute for Brain Research (LIBR),https://doi.org/10.1016/j.drugalcdep.2020.108073
mocis_mmc3_028.jpeg,Research Use,N/A,Laureate Institute for Brain Research (LIBR),https://doi.org/10.1016/j.drugalcdep.2020.108073
mocis_mmc3_029.jpeg,Research Use,N/A,Laureate Institute for Brain Research (LIBR),https://doi.org/10.1016/j.drugalcdep.2020.108073
mocis_mmc3_030.jpeg,Research Use,N/A,Laureate Institute for Brain Research (LIBR),https://doi.org/10.1016/j.drugalcdep.2020.108073
mocis_mmc3_031.jpeg,Research Use,N/A,Laureate Institute for Brain Research (LIBR),https://doi.org/10.1016/j.drugalcdep.2020.108073
mocis_mmc3_032.jpeg,Research Use,N/A,Laureate Institute for Brain Research (LIBR),https://doi.org/10.1016/j.drugalcdep.2020.108073
mocis_mmc3_033.jpeg,Research Use,N/A,Laureate Institute for Brain Research (LIBR),https://doi.org/10.1016/j.drugalcdep.2020.108073
mocis_mmc3_034.jpeg,Research Use,N/A,Laureate Institute for Brain Research (LIBR),https://doi.org/10.1016/j.drugalcdep.2020.108073
mocis_mmc3_035.jpeg,Research Use,N/A,Laureate Institute for Brain Research (LIBR),https://doi.org/10.1016/j.drugalcdep.2020.108073
mocis_mmc3_036.png,Research Use,N/A,Laureate Institute for Brain Research (LIBR),https://doi.org/10.1016/j.drugalcdep.2020.108073
mocis_mmc3_037.jpeg,Research Use,N/A,Laureate Institute for Brain Research (LIBR),https://doi.org/10.1016/j.drugalcdep.2020.108073
mocis_mmc3_038.jpeg,Research Use,N/A,Laureate Institute for Brain Research (LIBR),https://doi.org/10.1016/j.drugalcdep.2020.108073
mocis_mmc3_039.jpeg,Research Use,N/A,Laureate Institute for Brain Research (LIBR),https://doi.org/10.1016/j.drugalcdep.2020.108073
mocis_mmc3_040.jpeg,Research Use,N/A,Laureate Institute for Brain Research (LIBR),https://doi.org/10.1016/j.drugalcdep.2020.108073
mocis_mmc3_041.jpeg,Research Use,N/A,Laureate Institute for Brain Research (LIBR),https://doi.org/10.1016/j.drugalcdep.2020.108073
mocis_mmc3_042.jpeg,Research Use,N/A,Laureate Institute for Brain Research (LIBR),https://doi.org/10.1016/j.drugalcdep.2020.108073
mocis_mmc3_043.jpeg,Research Use,N/A,Laureate Institute for Brain Research (LIBR),https://doi.org/10.1016/j.drugalcdep.2020.108073
mocis_mmc3_044.jpeg,Research Use,N/A,Laureate Institute for Brain Research (LIBR),https://doi.org/10.1016/j.drugalcdep.2020.108073
mocis_mmc3_045.jpeg,Research Use,N/A,Laureate Institute for Brain Research (LIBR),https://doi.org/10.1016/j.drugalcdep.2020.108073
mocis_mmc3_046.jpeg,Research Use,N/A,Laureate Institute for Brain Research (LIBR),https://doi.org/10.1016/j.drugalcdep.2020.108073
mocis_mmc3_047.jpeg,Research Use,N/A,Laureate Institute for Brain Research (LIBR),https://doi.org/10.1016/j.drugalcdep.2020.108073
mocis_mmc3_048.jpeg,Research Use,N/A,Laureate Institute for Brain Research (LIBR),https://doi.org/10.1016/j.drugalcdep.2020.108073
mocis_mmc3_049.jpeg,Research Use,N/A,Laureate Institute for Brain Research (LIBR),https://doi.org/10.1016/j.drugalcdep.2020.108073
mocis_mmc3_050.png,Research Use,N/A,Laureate Institute for Brain Research (LIBR),https://doi.org/10.1016/j.drugalcdep.2020.108073
mocis_mmc3_051.jpeg,Research Use,N/A,Laureate Institute for Brain Research (LIBR),https://doi.org/10.1016/j.drugalcdep.2020.108073
mocis_mmc3_052.jpeg,Research Use,N/A,Laureate Institute for Brain Research (LIBR),https://doi.org/10.1016/j.drugalcdep.2020.108073
mocis_mmc3_053.jpeg,Research Use,N/A,Laureate Institute for Brain Research (LIBR),https://doi.org/10.1016/j.drugalcdep.2020.108073
mocis_mmc3_054.jpeg,Research Use,N/A,Laureate Institute for Brain Research (LIBR),https://doi.org/10.1016/j.drugalcdep.2020.108073
mocis_mmc3_055.jpeg,Research Use,N/A,Laureate Institute for Brain Research (LIBR),https://doi.org/10.1016/j.drugalcdep.2020.108073
mocis_mmc3_056.jpeg,Research Use,N/A,Laureate Institute for Brain Research (LIBR),https://doi.org/10.1016/j.drugalcdep.2020.108073
mocis_mmc3_057.jpeg,Research Use,N/A,Laureate Institute for Brain Research (LIBR),https://doi.org/10.1016/j.drugalcdep.2020.108073
mocis_mmc3_058.jpeg,Research Use,N/A,Laureate Institute for Brain Research (LIBR),https://doi.org/10.1016/j.drugalcdep.2020.108073
mocis_mmc3_059.jpeg,Research Use,N/A,Laureate Institute for Brain Research (LIBR),https://doi.org/10.1016/j.drugalcdep.2020.108073
mocis_mmc3_060.jpeg,Research Use,N/A,Laureate Institute for Brain Research (LIBR),https://doi.org/10.1016/j.drugalcdep.2020.108073
mocis_mmc3_061.jpeg,Research Use,N/A,Laureate Institute for Brain Research (LIBR),https://doi.org/10.1016/j.drugalcdep.2020.108073
mocis_mmc3_062.jpeg,Research Use,N/A,Laureate Institute for Brain Research (LIBR),https://doi.org/10.1016/j.drugalcdep.2020.108073
mocis_mmc3_063.jpeg,Research Use,N/A,Laureate Institute for Brain Research (LIBR),https://doi.org/10.1016/j.drugalcdep.2020.108073
mocis_mmc3_064.jpeg,Research Use,N/A,Laureate Institute for Brain Research (LIBR),https://doi.org/10.1016/j.drugalcdep.2020.108073
mocis_mmc3_065.jpeg,Research Use,N/A,Laureate Institute for Brain Research (LIBR),https://doi.org/10.1016/j.drugalcdep.2020.108073
mocis_mmc3_066.jpeg,Research Use,N/A,Laureate Institute for Brain Research (LIBR),https://doi.org/10.1016/j.drugalcdep.2020.108073
mocis_mmc3_067.jpeg,Research Use,N/A,Laureate Institute for Brain Research (LIBR),https://doi.org/10.1016/j.drugalcdep.2020.108073
mocis_mmc3_068.jpeg,Research Use,N/A,Laureate Institute for Brain Research (LIBR),https://doi.org/10.1016/j.drugalcdep.2020.108073
mocis_mmc3_069.jpeg,Research Use,N/A,Laureate Institute for Brain Research (LIBR),https://doi.org/10.1016/j.drugalcdep.2020.108073
mocis_mmc3_070.jpeg,Research Use,N/A,Laureate Institute for Brain Research (LIBR),https://doi.org/10.1016/j.drugalcdep.2020.108073
mocis_mmc3_071.jpeg,Research Use,N/A,Laureate Institute for Brain Research (LIBR),https://doi.org/10.1016/j.drugalcdep.2020.108073
mocis_mmc3_072.jpeg,Research Use,N/A,Laureate Institute for Brain Research (LIBR),https://doi.org/10.1016/j.drugalcdep.2020.108073
mocis_mmc3_073.jpeg,Research Use,N/A,Laureate Institute for Brain Research (LIBR),https://doi.org/10.1016/j.drugalcdep.2020.108073
mocis_mmc3_074.jpeg,Research Use,N/A,Laureate Institute for Brain Research (LIBR),https://doi.org/10.1016/j.drugalcdep.2020.108073
mocis_mmc3_075.jpeg,Research Use,N/A,Laureate Institute for Brain Research (LIBR),https://doi.org/10.1016/j.drugalcdep.2020.108073
mocis_mmc3_076.jpeg,Research Use,N/A,Laureate Institute for Brain Research (LIBR),https://doi.org/10.1016/j.drugalcdep.2020.108073
mocis_mmc3_077.jpeg,Research Use,N/A,Laureate Institute for Brain Research (LIBR),https://doi.org/10.1016/j.drugalcdep.2020.108073
mocis_mmc3_078.jpeg,Research Use,N/A,Laureate Institute for Brain Research (LIBR),https://doi.org/10.1016/j.drugalcdep.2020.108073
mocis_mmc3_079.jpeg,Research Use,N/A,Laureate Institute for Brain Research (LIBR),https://doi.org/10.1016/j.drugalcdep.2020.108073
mocis_mmc3_080.jpeg,Research Use,N/A,Laureate Institute for Brain Research (LIBR),https://doi.org/10.1016/j.drugalcdep.2020.108073
mocis_mmc3_081.jpeg,Research Use,N/A,Laureate Institute for Brain Research (LIBR),https://doi.org/10.1016/j.drugalcdep.2020.108073
mocis_mmc3_082.jpeg,Research Use,N/A,Laureate Institute for Brain Research (LIBR),https://doi.org/10.1016/j.drugalcdep.2020.108073
mocis_mmc3_083.jpeg,Research Use,N/A,Laureate Institute for Brain Research (LIBR),https://doi.org/10.1016/j.drugalcdep.2020.108073
mocis_mmc3_084.jpeg,Research Use,N/A,Laureate Institute for Brain Research (LIBR),https://doi.org/10.1016/j.drugalcdep.2020.108073
mocis_mmc3_085.jpeg,Research Use,N/A,Laureate Institute for Brain Research (LIBR),https://doi.org/10.1016/j.drugalcdep.2020.108073
mocis_mmc3_086.jpeg,Research Use,N/A,Laureate Institute for Brain Research (LIBR),https://doi.org/10.1016/j.drugalcdep.2020.108073
mocis_mmc3_087.jpeg,Research Use,N/A,Laureate Institute for Brain Research (LIBR),https://doi.org/10.1016/j.drugalcdep.2020.108073
mocis_mmc3_088.jpeg,Research Use,N/A,Laureate Institute for Brain Research (LIBR),https://doi.org/10.1016/j.drugalcdep.2020.108073
mocis_mmc3_089.jpeg,Research Use,N/A,Laureate Institute for Brain Research (LIBR),https://doi.org/10.1016/j.drugalcdep.2020.108073
mocis_mmc3_090.jpeg,Research Use,N/A,Laureate Institute for Brain Research (LIBR),https://doi.org/10.1016/j.drugalcdep.2020.108073
mocis_mmc3_091.jpeg,Research Use,N/A,Laureate Institute for Brain Research (LIBR),https://doi.org/10.1016/j.drugalcdep.2020.108073
mocis_mmc3_092.jpeg,Research Use,N/A,Laureate Institute for Brain Research (LIBR),https://doi.org/10.1016/j.drugalcdep.2020.108073
mocis_mmc3_093.jpeg,Research Use,N/A,Laureate Institute for Brain Research (LIBR),https://doi.org/10.1016/j.drugalcdep.2020.108073
mocis_mmc3_094.jpeg,Research Use,N/A,Laureate Institute for Brain Research (LIBR),https://doi.org/10.1016/j.drugalcdep.2020.108073
mocis_mmc3_095.jpeg,Research Use,N/A,Laureate Institute for Brain Research (LIBR),https://doi.org/10.1016/j.drugalcdep.2020.108073
mocis_mmc3_096.jpeg,Research Use,N/A,Laureate Institute for Brain Research (LIBR),https://doi.org/10.1016/j.drugalcdep.2020.108073
mocis_mmc3_097.jpeg,Research Use,N/A,Laureate Institute for Brain Research (LIBR),https://doi.org/10.1016/j.drugalcdep.2020.108073
mocis_mmc3_098.jpeg,Research Use,N/A,Laureate Institute for Brain Research (LIBR),https://doi.org/10.1016/j.drugalcdep.2020.108073
mocis_mmc3_099.jpeg,Research Use,N/A,Laureate Institute for Brain Research (LIBR),https://doi.org/10.1016/j.drugalcdep.2020.108073
mocis_mmc3_100.jpeg,Research Use,N/A,Laureate Institute for Brain Research (LIBR),https://doi.org/10.1016/j.drugalcdep.2020.108073
mocis_mmc3_101.jpeg,Research Use,N/A,Laureate Institute for Brain Research (LIBR),https://doi.org/10.1016/j.drugalcdep.2020.108073
mocis_mmc3_102.jpeg,Research Use,N/A,Laureate Institute for Brain Research (LIBR),https://doi.org/10.1016/j.drugalcdep.2020.108073
mocis_mmc3_103.jpeg,Research Use,N/A,Laureate Institute for Brain Research (LIBR),https://doi.org/10.1016/j.drugalcdep.2020.108073
mocis_mmc3_104.jpeg,Research Use,N/A,Laureate Institute for Brain Research (LIBR),https://doi.org/10.1016/j.drugalcdep.2020.108073
mocis_mmc3_105.jpeg,Research Use,N/A,Laureate Institute for Brain Research (LIBR),https://doi.org/10.1016/j.drugalcdep.2020.108073
mocis_mmc3_106.jpeg,Research Use,N/A,Laureate Institute for Brain Research (LIBR),https://doi.org/10.1016/j.drugalcdep.2020.108073
mocis_mmc3_107.jpeg,Research Use,N/A,Laureate Institute for Brain Research (LIBR),https://doi.org/10.1016/j.drugalcdep.2020.108073
mocis_mmc3_108.jpeg,Research Use,N/A,Laureate Institute for Brain Research (LIBR),https://doi.org/10.1016/j.drugalcdep.2020.108073
mocis_mmc3_109.jpeg,Research Use,N/A,Laureate Institute for Brain Research (LIBR),https://doi.org/10.1016/j.drugalcdep.2020.108073
mocis_mmc3_110.jpeg,Research Use,N/A,Laureate Institute for Brain Research (LIBR),https://doi.org/10.1016/j.drugalcdep.2020.108073
mocis_mmc3_111.jpeg,Research Use,N/A,Laureate Institute for Brain Research (LIBR),https://doi.org/10.1016/j.drugalcdep.2020.108073
mocis_mmc3_112.jpeg,Research Use,N/A,Laureate Institute for Brain Research (LIBR),https://doi.org/10.1016/j.drugalcdep.2020.108073
mocis_mmc3_113.jpeg,Research Use,N/A,Laureate Institute for Brain Research (LIBR),https://doi.org/10.1016/j.drugalcdep.2020.108073
mocis_mmc3_114.jpeg,Research Use,N/A,Laureate Institute for Brain Research (LIBR),https://doi.org/10.1016/j.drugalcdep.2020.108073
mocis_mmc3_115.jpeg,Research Use,N/A,Laureate Institute for Brain Research (LIBR),https://doi.org/10.1016/j.drugalcdep.2020.108073
mocis_mmc3_116.jpeg,Research Use,N/A,Laureate Institute for Brain Research (LIBR),https://doi.org/10.1016/j.drugalcdep.2020.108073
mocis_mmc3_117.jpeg,Research Use,N/A,Laureate Institute for Brain Research (LIBR),https://doi.org/10.1016/j.drugalcdep.2020.108073
mocis_mmc3_118.jpeg,Research Use,N/A,Laureate Institute for Brain Research (LIBR),https://doi.org/10.1016/j.drugalcdep.2020.108073
mocis_mmc3_119.jpeg,Research Use,N/A,Laureate Institute for Brain Research (LIBR),https://doi.org/10.1016/j.drugalcdep.2020.108073
mocis_mmc3_120.jpeg,Research Use,N/A,Laureate Institute for Brain Research (LIBR),https://doi.org/10.1016/j.drugalcdep.2020.108073
